[{"@type":"mappingTemplate","id":"@1","name":"Mapping_RESTV2","description":"","autoExpireObject":false,"bundleVersion":"0","assetFrsGuid":"4MQkYOARE1OdkFsvkXl5Ol","templateId":"@3","hasParameters":false,"valid":true,"fixedConnection":true,"hasParametersDeployed":false,"fixedConnectionDeployed":false,"isSchemaValidationEnabled":false,"tasks":0,"mappingPreviewFileRecordId":"@2","documentType":"MAPPING","allowMaxFieldLength":false,"specialCharacterSupport":false,"references":[{"@type":"reference","refObjectId":"@5rgoKiXQd07hHMk3Zakxc9","refType":"connection"},{"@type":"reference","refObjectId":"@iCL55NdQYkrb2NvXbpn6Uy","refType":"connection"}]}]